Feature,VIF
doc_length_scaled,2.1517996912535673
query_length_scaled,2.7617714032418546
dominant_topic,2.1862964512476117
